{
    "player": {
        "adjustHeight": {
            "x": 0.0,
            "y": 0.6000000238418579,
            "z": 0.0
        },
        "color": {
            "w": 1.0,
            "x": 1.0,
            "y": 1.0,
            "z": 1.0
        },
        "dir": {
            "x": 0.0,
            "y": 0.0,
            "z": 0.0
        },
        "gravity": 0.0,
        "gravityPow": 0.009999999776482582,
        "jumpPow": 0.25,
        "jumpVelocity": 0.0,
        "pos": {
            "x": 5.0,
            "y": 5.0,
            "z": 0.0
        },
        "scale": {
            "x": 0.800000011920929,
            "y": 0.800000011920929,
            "z": 0.800000011920929
        },
        "speed": 0.10000000149011612,
        "stepHeight": 0.6000000238418579
    }
}