{
    "KeyR": {
        "color": {
            "w": 0.699999988079071,
            "x": 1.0,
            "y": 1.0,
            "z": 1.0
        },
        "drawFlg": true,
        "pos": {
            "x": -76.0,
            "y": -320.0
        },
        "scale": {
            "x": 0.4000000059604645,
            "y": 0.4000000059604645
        },
        "texSize": {
            "x": 64.0,
            "y": 64.0
        }
    }
}