{
    "PlayTXT": {
        "color": {
            "w": 1.0,
            "x": 1.0,
            "y": 1.0,
            "z": 1.0
        },
        "drawFlg": true,
        "pos": {
            "x": 0.0,
            "y": 0.0
        },
        "scale": {
            "x": 0.699999988079071,
            "y": 0.699999988079071
        },
        "texSize": {
            "x": 160.0,
            "y": 80.0
        }
    }
}