{
	"PlayTXT": {
		"color": {
			"w": 1.0,
			"x": 1.0,
			"y": 1.0,
			"z": 1.0
		},
		"drawFlg": true,
		"fadeAlpha": 0.0,
		"pos": {
			"x": 0.0,
			"y": 0.0
		},
		"scale": {
			"x": 0.699999988079071,
			"y": 0.699999988079071
		},
		"texSize": {
			"x": 215.0,
			"y": 89.0
		},
		"texSizeHarf": {
			"x": 80.0,
			"y": 40.0
		}
	}
}