{
    "Fence1": {
        "animation": "upStand",
        "color": {
            "w": 1.0,
            "x": 1.0,
            "y": 1.0,
            "z": 1.0
        },
        "pos": {
            "x": 4.0,
            "y": 4.0,
            "z": 10.5
        },
        "raise": true,
        "scale": {
            "x": 1.2000000476837158,
            "y": 1.0,
            "z": 1.2000000476837158
        }
    }
}