{
    "Sound": {
        "BGM": 0.15625,
        "SE": 0.359375
    }
}