{
    "Fence2": {
        "animation": "downStand",
        "color": {
            "w": 1.0,
            "x": 1.0,
            "y": 1.0,
            "z": 1.0
        },
        "pos": {
            "x": 4.0,
            "y": 10.0,
            "z": -5.0
        },
        "raise": false,
        "scale": {
            "x": 1.350000023841858,
            "y": 1.0,
            "z": 1.350000023841858
        }
    }
}