{
    "ButtonFrame": {
        "color": {
            "w": 1.0,
            "x": 1.0,
            "y": 1.0,
            "z": 1.0
        },
        "drawFlg": false,
        "pos": {
            "x": 0.0,
            "y": -280.0
        },
        "scale": {
            "x": 1.2000000476837158,
            "y": 1.2000000476837158
        },
        "texSize": {
            "x": 192.0,
            "y": 64.0
        }
    }
}