{
    "TextFrame": {
        "color": {
            "w": 0.699999988079071,
            "x": 1.0,
            "y": 1.0,
            "z": 1.0
        },
        "drawFlg": true,
        "pos": {
            "x": 0.0,
            "y": 0.0
        },
        "scale": {
            "x": 0.6000000238418579,
            "y": 0.6000000238418579
        },
        "texSize": {
            "x": 384.0,
            "y": 128.0
        }
    }
}