{
    "Sound": {
        "BGM": 0.5052083134651184,
        "SE": 0.234375
    }
}