{
    "Sound": {
        "BGM": 0.2760416567325592,
        "SE": 0.40625
    }
}