{
    "Sound": {
        "BGM": 0.484375,
        "SE": 0.515625
    }
}