{
    "FencePlate2": {
        "color": {
            "w": 1.0,
            "x": 1.0,
            "y": 1.0,
            "z": 1.0
        },
        "plateCT": 0,
        "pos": {
            "x": 4.0,
            "y": 10.0,
            "z": -2.0
        },
        "scale": {
            "x": 0.800000011920929,
            "y": 0.800000011920929,
            "z": 0.800000011920929
        }
    }
}